Datetime,Water Level (m)
2026-04-26 12:00:00,0.092896916
2026-04-26 13:00:00,0.72977525
2026-04-26 14:00:00,1.1620326
2026-04-26 15:00:00,1.3693346
2026-04-26 16:00:00,1.2890711
2026-04-26 17:00:00,0.8788213
2026-04-26 18:00:00,0.21977523
2026-04-26 19:00:00,-0.5093872
2026-04-26 20:00:00,-1.1459374
2026-04-26 21:00:00,-1.602961
2026-04-26 22:00:00,-1.7299798
2026-04-26 23:00:00,-1.3153592
2026-04-27 00:00:00,-0.49601343
2026-04-27 01:00:00,0.31979975
2026-04-27 02:00:00,0.99196434
2026-04-27 03:00:00,1.3776371
2026-04-27 04:00:00,1.5056465
2026-04-27 05:00:00,1.319684
2026-04-27 06:00:00,0.7972692
2026-04-27 07:00:00,0.10431852
2026-04-27 08:00:00,-0.5866334
2026-04-27 09:00:00,-1.145332
2026-04-27 10:00:00,-1.4590523
2026-04-27 11:00:00,-1.3486325
2026-04-27 12:00:00,-0.6773576
2026-04-27 13:00:00,0.20263821
2026-04-27 14:00:00,1.0153761
2026-04-27 15:00:00,1.516146
2026-04-27 16:00:00,1.692228
2026-04-27 17:00:00,1.5118184
2026-04-27 18:00:00,0.96744883
2026-04-27 19:00:00,0.20485623
2026-04-27 20:00:00,-0.6147504
2026-04-27 21:00:00,-1.3181617
2026-04-27 22:00:00,-1.7842271
2026-04-27 23:00:00,-1.808059
2026-04-28 00:00:00,-1.1652467
2026-04-28 01:00:00,-0.20461872
2026-04-28 02:00:00,0.6533067
2026-04-28 03:00:00,1.3284328
2026-04-28 04:00:00,1.7089269
2026-04-28 05:00:00,1.7684742
2026-04-28 06:00:00,1.448762
2026-04-28 07:00:00,0.78987503
2026-04-28 08:00:00,-0.016578773
2026-04-28 09:00:00,-0.7651322
2026-04-28 10:00:00,-1.3400328
2026-04-28 11:00:00,-1.6205766
2026-04-28 12:00:00,-1.3714638
2026-04-28 13:00:00,-0.5090646
2026-04-28 14:00:00,0.43626562
2026-04-28 15:00:00,1.2694637
2026-04-28 16:00:00,1.7030078
2026-04-28 17:00:00,1.7548293
2026-04-28 18:00:00,1.4461085
2026-04-28 19:00:00,0.743426
2026-04-28 20:00:00,-0.10650325
2026-04-28 21:00:00,-0.9173018
2026-04-28 22:00:00,-1.5794712
2026-04-28 23:00:00,-1.945982
2026-04-29 00:00:00,-1.735871
2026-04-29 01:00:00,-0.80580765
2026-04-29 02:00:00,0.19061826
2026-04-29 03:00:00,1.1064861
2026-04-29 04:00:00,1.6571562
2026-04-29 05:00:00,1.8856992
2026-04-29 06:00:00,1.7806295
2026-04-29 07:00:00,1.2540913
2026-04-29 08:00:00,0.45913377
2026-04-29 09:00:00,-0.391773
2026-04-29 10:00:00,-1.142073
2026-04-29 11:00:00,-1.6801153
2026-04-29 12:00:00,-1.7977849
2026-04-29 13:00:00,-1.1916606
2026-04-29 14:00:00,-0.177713
2026-04-29 15:00:00,0.7509111
2026-04-29 16:00:00,1.4389668
2026-04-29 17:00:00,1.716914
2026-04-29 18:00:00,1.6212435
2026-04-29 19:00:00,1.1335511
2026-04-29 20:00:00,0.31843892
2026-04-29 21:00:00,-0.5614962
2026-04-29 22:00:00,-1.3590856
2026-04-29 23:00:00,-1.9385619
2026-04-30 00:00:00,-2.100596
2026-04-30 01:00:00,-1.501514
2026-04-30 02:00:00,-0.40730262
2026-04-30 03:00:00,0.6226833
2026-04-30 04:00:00,1.4884081
2026-04-30 05:00:00,1.9504498
2026-04-30 06:00:00,2.0755556
2026-04-30 07:00:00,1.7654971
2026-04-30 08:00:00,1.031237
2026-04-30 09:00:00,0.15524235
2026-04-30 10:00:00,-0.7051489
2026-04-30 11:00:00,-1.4154279
2026-04-30 12:00:00,-1.8623815
2026-04-30 13:00:00,-1.7322663
2026-04-30 14:00:00,-0.7849293
2026-04-30 15:00:00,0.2660293
2026-04-30 16:00:00,1.1612698
2026-04-30 17:00:00,1.6622951
2026-04-30 18:00:00,1.7861222
2026-04-30 19:00:00,1.5041944
2026-04-30 20:00:00,0.8203952
2026-04-30 21:00:00,-0.028984578
2026-04-30 22:00:00,-0.88073575
2026-04-30 23:00:00,-1.6214235
2026-05-01 00:00:00,-2.0869825
2026-05-01 01:00:00,-1.9626992
2026-05-01 02:00:00,-0.94112366
2026-05-01 03:00:00,0.19875112
2026-05-01 04:00:00,1.2295111
2026-05-01 05:00:00,1.8962005
2026-05-01 06:00:00,2.1825016
2026-05-01 07:00:00,2.069549
2026-05-01 08:00:00,1.5256022
2026-05-01 09:00:00,0.68805325
2026-05-01 10:00:00,-0.22824638
2026-05-01 11:00:00,-1.0697556
2026-05-01 12:00:00,-1.7239203
2026-05-01 13:00:00,-1.968365
2026-05-01 14:00:00,-1.4369502
2026-05-01 15:00:00,-0.36097738
2026-05-01 16:00:00,0.65072787
2026-05-01 17:00:00,1.4411159
2026-05-01 18:00:00,1.7383192
2026-05-01 19:00:00,1.6621451
2026-05-01 20:00:00,1.196331
2026-05-01 21:00:00,0.4117199
2026-05-01 22:00:00,-0.43571404
2026-05-01 23:00:00,-1.236986
2026-05-02 00:00:00,-1.8744013
2026-05-02 01:00:00,-2.1114244
2026-05-02 02:00:00,-1.5310326
2026-05-02 03:00:00,-0.38495472
2026-05-02 04:00:00,0.71251225
2026-05-02 05:00:00,1.6277491
2026-05-02 06:00:00,2.0724552
2026-05-02 07:00:00,2.1558778
2026-05-02 08:00:00,1.8030397
2026-05-02 09:00:00,1.0216635
2026-05-02 10:00:00,0.11688574
2026-05-02 11:00:00,-0.7713422
2026-05-02 12:00:00,-1.5265784
